{
  "env": {
    "python": "3.10.12",
    "platform": "Linux-6.8.0-124-generic-aarch64-with-glibc2.35",
    "simulator_only": true
  },
  "results": [
    {
      "dataset": "orl",
      "n_subjects": 4,
      "n_qubits": 8,
      "embedding_source": "eigenface",
      "embed_dim": 27,
      "train_steps": 30,
      "info_loss": {
        "reduced_dim": 8,
        "explained_variance_ratio": 0.2962975800037384,
        "reconstruction_error_test": 0.8894105553627014,
        "knn_acc_full_dim": 0.8333333333333334,
        "knn_acc_reduced_dim": 0.3333333333333333,
        "accuracy_drop_from_reduction": 0.5,
        "full_dim": 27
      },
      "circuit": {
        "n_qubits": 8,
        "depth": 20,
        "n_gates": 60,
        "n_variational_params": 52,
        "n_survivors": 4
      },
      "verification": {
        "verif_same_mean": 0.06898069381713867,
        "verif_diff_mean": -0.043139632791280746,
        "verif_best_threshold": 0.17572634543605792,
        "verif_best_accuracy": 0.7987179487179488,
        "verif_auc": 0.6259398148148149,
        "n_pairs": 780
      },
      "swap_noise_sweep": {
        "n_feat": 4,
        "noise_levels": [
          0.0,
          0.05,
          0.12,
          0.22
        ],
        "swap_same": [
          0.811569616904754,
          0.6158470795656891,
          0.40405726890304927,
          0.20238774178336363
        ],
        "swap_diff": [
          0.6990253482767936,
          0.5304445981116305,
          0.34802470082104103,
          0.17432165859860305
        ],
        "swap_margin": [
          0.11254426862796041,
          0.0854024814540586,
          0.05603256808200824,
          0.028066083184760587
        ]
      },
      "models": {
        "classical": {
          "classifier": "knn",
          "accuracy": 0.8333333333333334,
          "precision": 0.8541666666666666,
          "recall": 0.8333333333333333,
          "f1": 0.830952380952381,
          "train_time_s": 0.00033583399999770336,
          "infer_latency_s": 0.00012807291667134754,
          "n_params": null,
          "n_qubits": 0,
          "depth": 0,
          "confusion_matrix": [
            [
              2,
              0,
              0,
              1
            ],
            [
              1,
              2,
              0,
              0
            ],
            [
              0,
              0,
              3,
              0
            ],
            [
              0,
              0,
              0,
              3
            ]
          ]
        },
        "hybrid_qcnn": {
          "accuracy": 0.6666666666666666,
          "precision": 0.8125,
          "recall": 0.6666666666666666,
          "f1": 0.6309523809523809,
          "confusion_matrix": [
            [
              1,
              0,
              0,
              2
            ],
            [
              0,
              3,
              0,
              0
            ],
            [
              0,
              1,
              1,
              1
            ],
            [
              0,
              0,
              0,
              3
            ]
          ],
          "infer_latency_s": 0.006796777750044687,
          "train_time_s": 19.336424843000714,
          "n_params": 72,
          "n_qubits": 8,
          "depth": 20,
          "history": [
            1.3970055661383902,
            1.3767292109552078,
            1.3552088271078404,
            1.337876664660453,
            1.3180819167660023,
            1.2965438203882784,
            1.2758653149654005,
            1.2575332824842882,
            1.2410326239806941,
            1.2239396420498283,
            1.20476635418759,
            1.183955905002713,
            1.1639496384410826,
            1.1449774641437442,
            1.1269055501389122,
            1.1103262538307848,
            1.0939018774051625,
            1.07696375406148,
            1.0591315681833027,
            1.0404015966087052,
            1.0219077835902823,
            1.0047322011870974,
            0.9867504178528476,
            0.9658913194334485,
            0.9414732552507018,
            0.9133432066288035,
            0.8840109054682294,
            0.8568193702738245,
            0.8346023511276057,
            0.8148574095739691
          ],
          "mode": "hybrid"
        },
        "pure_qcnn": {
          "accuracy": 0.3333333333333333,
          "precision": 0.2,
          "recall": 0.3333333333333333,
          "f1": 0.25,
          "confusion_matrix": [
            [
              1,
              0,
              0,
              2
            ],
            [
              0,
              3,
              0,
              0
            ],
            [
              2,
              1,
              0,
              0
            ],
            [
              2,
              1,
              0,
              0
            ]
          ],
          "infer_latency_s": 0.009940781249952124,
          "train_time_s": 19.316166092999993,
          "n_params": 52,
          "n_qubits": 8,
          "depth": 20,
          "history": [
            1.3757510886226727,
            1.3404490142553096,
            1.3213123049457973,
            1.3092607498959745,
            1.2958327382437658,
            1.2798118163843362,
            1.265013898250647,
            1.252060667293414,
            1.2402954578752166,
            1.227911320511184,
            1.214552397287552,
            1.202262655771339,
            1.195138109498487,
            1.1932681844827109,
            1.193104464047318,
            1.1916147913972652,
            1.1867574538478565,
            1.1792211071832759,
            1.1713451730399442,
            1.1639408169347383,
            1.15588001416369,
            1.1475200556281795,
            1.141022573860819,
            1.137879787845338,
            1.1377119061984877,
            1.1362000298558892,
            1.130993951374404,
            1.12566371778616,
            1.1237506158987876,
            1.123616748829881
          ],
          "mode": "pure"
        }
      }
    },
    {
      "dataset": "yale",
      "n_subjects": 4,
      "n_qubits": 8,
      "embedding_source": "eigenface",
      "embed_dim": 30,
      "train_steps": 30,
      "info_loss": {
        "reduced_dim": 8,
        "explained_variance_ratio": 0.9360171556472778,
        "reconstruction_error_test": 0.1195741668343544,
        "knn_acc_full_dim": 0.21428571428571427,
        "knn_acc_reduced_dim": 0.2857142857142857,
        "accuracy_drop_from_reduction": -0.07142857142857142,
        "full_dim": 30
      },
      "circuit": {
        "n_qubits": 8,
        "depth": 20,
        "n_gates": 60,
        "n_variational_params": 52,
        "n_survivors": 4
      },
      "verification": {
        "verif_same_mean": 0.006480345036834478,
        "verif_diff_mean": -0.025637704879045486,
        "verif_best_threshold": 1.0000001192092896,
        "verif_best_accuracy": 0.7676767676767677,
        "verif_auc": 0.5189557916830644,
        "n_pairs": 990
      },
      "swap_noise_sweep": {
        "n_feat": 4,
        "noise_levels": [
          0.0,
          0.05,
          0.12,
          0.22
        ],
        "swap_same": [
          0.08480990823112064,
          0.06435669006630568,
          0.042224424352503204,
          0.021149739283260107
        ],
        "swap_diff": [
          0.08079328743671604,
          0.06130873936136056,
          0.040224663894988646,
          0.02014808176029868
        ],
        "swap_margin": [
          0.004016620794404596,
          0.003047950704945117,
          0.0019997604575145572,
          0.0010016575229614272
        ]
      },
      "models": {
        "classical": {
          "classifier": "knn",
          "accuracy": 0.21428571428571427,
          "precision": 0.3,
          "recall": 0.20833333333333331,
          "f1": 0.19642857142857142,